Video File,Subject,TreatmentFactor,Mean_Burst_Activity_(%),Mean_Burst_Count,Mean_Burst_Count/Minute,Mean_Burst_Duration_(s),Mean_Inactivity_(%),Mean_Inactivity_Duration_(s),Mean_Total_Burst_Duration_(s),Clutch,Parentage,indv,ID
BMAA_5_3-1_Ashley_1.avi,S01,5,0,0,0,0,100,60.377,0,3-1A,31,y,Ashley
BMAA_5_3-1_Brian_1.avi,S01,5,0,0,0,0,100,60.5515,0,3-1A,31,y,Brian
BMAA_5_3-1_Clarissa_1.avi,S01,5,0.877192982,1,0.991178511,0.531,99.12280702,60.003,0.531,3-1A,31,y,Clarissa
BMAA_5_3-13_1.avi,S01,5,0,0,0,0,100,60.23644,0,3-13A,313,n,1
BMAA_5_3-13_1.avi,S02,5,93.52941176,4,3.984299205,14.084697,6.470588235,3.897652,56.338788,3-13A,313,n,2
BMAA_5_3-13_1.avi,S03,5,94.70588235,2,1.992149602,28.523726,5.294117647,3.188988,57.047452,3-13A,313,n,3
BMAA_5_3-13_1.avi,S04,5,0,0,0,0,100,60.23644,0,3-13A,313,n,4
BMAA_5_3-13_Adam_1.avi,S01,5,4.899135447,1,0.990892051,2.9665,95.10086455,57.585,2.9665,3-13A,313,y,Adam
BMAA_5_3-13_Brady_2.avi,S01,5,17.00288184,1,0.990892051,10.2955,82.99711816,50.256,10.2955,3-13A,313,y,Brady
BMAA_5_3-13_Cydney_3.avi,S01,5,2.046783626,1,0.991178511,1.239,97.95321637,59.295,1.239,3-13A,313,y,Cydney
BMAA_5_3-13_David_1_1.avi,S01,5,0,0,0,0,100,2.832,0,3-13A,313,y,David
BMAA_5_3-13_Eeyore_1.avi,S01,5,8.933717579,5,4.954460253,1.0819,91.06628242,55.142,5.4095,3-13A,313,y,Eeyore
BMAA_5_3-13_Frank_1.avi,S01,5,28.15249267,3,2.982255579,5.664,71.84750733,43.365,16.992,3-13A,313,y,Frank
BMAA_5_3-1_Delilah_3.avi,S01,5,2.601156069,1,0.9937559,1.5705,97.39884393,58.8065,1.5705,3-1A,31,y,Delilah
BMAA_5_3-1_Eliza_3.avi,S01,5,7.624633431,3,2.979461282,1.535438667,92.37536657,55.80729,4.606316,3-1A,31,y,Eliza
BMAA_5_3-1_Fern_1.avi,S01,5,4.970760234,4,3.964714045,0.75225,95.02923977,57.525,3.009,3-1A,31,y,Fern
BMAA_5_3-1_1.avi,S01,5,0,0,0,0,100,60.767938,0,3-1A,31,n,5
BMAA_5_3-1_1.avi,S02,5,0,0,0,0,100,60.767938,0,3-1A,31,n,6
BMAA_5_3-1_1.avi,S03,5,0,0,0,0,100,60.767938,0,3-1A,31,n,7
BMAA_5_3-1_1.avi,S04,5,0,0,0,0,100,60.767938,0,3-1A,31,n,8
BMAA_5_3-2B_1.avi,S01,5,0,0,0,0,100,60.377,0,3-2B,32,n,9
BMAA_5_3-2B_1.avi,S02,5,4.624277457,4,3.975023602,0.698,95.37572254,57.585,2.792,3-2B,32,n,10
BMAA_5_3-2B_1.avi,S03,5,4.335260116,2,1.987511801,1.30875,95.66473988,57.7595,2.6175,3-2B,32,n,11
BMAA_5_3-2B_1.avi,S04,5,4.624277457,3,2.981267701,0.930666667,95.37572254,57.585,2.792,3-2B,32,n,12
BMAA_5_3-2B_1.avi,S05,5,6.069364162,3,2.981267701,1.2215,93.93063584,56.7125,3.6645,3-2B,32,n,13
BMAA_5_3-2B_2.avi,S01,5,0,0,0,0,100,60.547442,0,3-2B,32,n,14
BMAA_5_3-2B_2.avi,S02,5,0.890207715,1,0.990958462,0.538998,99.10979228,60.008444,0.538998,3-2B,32,n,15
BMAA_5_3-2B_2.avi,S03,5,0,0,0,0,100,60.547442,0,3-2B,32,n,16
BMAA_5_3-2B_2.avi,S04,5,4.747774481,3,2.972875386,0.958218667,95.25222552,57.672786,2.874656,3-2B,32,n,17
BMAA_5_3-2B_2.avi,S05,5,20.47477745,2,1.981916924,6.198477,79.52522255,48.150488,12.396954,3-2B,32,n,18
BMAA_5_3-3_1.avi,S01,5,0,0,0,0,100,60.5515,0,3-3A,33,n,19
BMAA_5_3-3_1.avi,S02,5,0,0,0,0,100,60.5515,0,3-3A,33,n,20
BMAA_5_3-3_1.avi,S03,5,0,0,0,0,100,60.5515,0,3-3A,33,n,21
BMAA_5_3-3_1.avi,S04,5,0,0,0,0,100,60.5515,0,3-3A,33,n,22
BMAA_5_3-3_Abigail_1.avi,S01,5,0,0,0,0,100,60.357,0,3-3A,33,y,Abigail
BMAA_5_3-3_Barney_1.avi,S01,5,1.754385965,1,0.991178511,1.062,98.24561404,59.472,1.062,3-3A,33,y,Barney
BMAA_5_3-3_Carrie_1.avi,S01,5,0,0,0,0,100,60.5515,0,3-3A,33,y,Carrie
BMAA_5_3-3_Dallas_2.avi,S01,5,0.882352941,1,0.997008973,0.531,99.11764706,59.649,0.531,3-3A,33,y,Dallas
BMAA_5_3-18E_1.avi,S01,5,5.797101449,2,1.971300331,1.76445,94.20289855,57.344625,3.5289,3-18E,318,n,23
BMAA_5_3-18E_1.avi,S02,5,0.869565217,1,0.985650166,0.529335,99.13043478,60.34419,0.529335,3-18E,318,n,24
BMAA_5_3-18E_1.avi,S03,5,2.028985507,1,0.985650166,1.235115,97.97101449,59.63841,1.235115,3-18E,318,n,25
BMAA_5_3-18E_1.avi,S04,5,5.507246377,2,1.971300331,1.6762275,94.49275362,57.52107,3.352455,3-18E,318,n,26
BMAA_5_3-18E_1.avi,S05,5,0,0,0,0,100,60.873525,0,3-18E,318,n,27
BMAA_5_3-18E_2.avi,S01,5,0,0,0,0,100,60.55509,0,3-18E,318,n,28
BMAA_5_3-18E_2.avi,S02,5,2.898550725,1,0.990833306,1.75522,97.10144928,58.79987,1.75522,3-18E,318,n,29
BMAA_5_3-18E_2.avi,S03,5,1.739130435,1,0.990833306,1.053132,98.26086957,59.501958,1.053132,3-18E,318,n,30
BMAA_5_3-18E_2.avi,S04,5,1.449275362,1,0.990833306,0.87761,98.55072464,59.67748,0.87761,3-18E,318,n,31
BMAA_5_3-18E_2.avi,S05,5,0,0,0,0,100,60.55509,0,3-18E,318,n,32
BMAA_5_3-9A_1.avi,S01,5,0,0,0,0,100,60.738016,0,3-9A,39,n,33
BMAA_5_3-9A_1.avi,S02,5,0.872093023,1,0.987849192,0.529692,99.12790698,60.208324,0.529692,3-9A,39,n,34
BMAA_5_3-9A_1.avi,S03,5,0,0,0,0,100,60.738016,0,3-9A,39,n,35
BMAA_5_3-9A_1.avi,S04,5,0,0,0,0,100,60.738016,0,3-9A,39,n,36
BMAA_5_3-9A_1.avi,S05,5,0,0,0,0,100,60.738016,0,3-9A,39,n,37
BMAA_5_3-9A_2.avi,S01,5,1.166180758,1,0.988730076,0.707684,98.83381924,59.976219,0.707684,3-9A,39,n,38
BMAA_5_3-9A_2.avi,S02,5,2.332361516,1,0.988730076,1.415368,97.66763848,59.268535,1.415368,3-9A,39,n,39
BMAA_5_3-9A_2.avi,S03,5,0,0,0,0,100,60.683903,0,3-9A,39,n,40
BMAA_5_3-9A_2.avi,S04,5,2.915451895,1,0.988730076,1.76921,97.0845481,58.914693,1.76921,3-9A,39,n,41
BMAA_5_3-9A_2.avi,S05,5,0,0,0,0,100,60.683903,0,3-9A,39,n,42
BMAA_5_3-18E_Blueberry.avi,S01,5,2.61627907,1,0.989597875,1.586268,97.38372093,59.04442,1.586268,3-18E,318,y,Blueberry
BMAA_5_3-18E_Cantaloupe.avi,S01,5,6.413994169,2,1.981615562,1.94205,93.58600583,56.67255,3.8841,3-18E,318,y,Cantaloupe
BMAA_5_3-18E_FrenchFry.avi,S01,5,5.23255814,2,1.980240631,1.585431,94.76744186,57.427834,3.170862,3-18E,318,y,FrenchFry
BMAA_5_3-9_Aloysius.avi,S01,5,0,0,0,0,100,60.252995,0,3-9A,39,y,Aloysius
BMAA_5_3-9_Bevie.avi,S01,5,0,0,0,0,100,60.715312,0,3-9A,39,y,Bevie
BMAA_5_3-9_Comet.avi,S01,5,0,0,0,0,100,60.738975,0,3-9A,39,y,Comet
BMAA_5_3-9_Dog.avi,S01,5,0,0,0,0,100,60.715388,0,3-9A,39,y,Dog
BMAA_5_3-9_Eve.avi,S01,5,6.094182825,3,2.836569131,1.289060667,93.90581717,59.589759,3.867182,3-9A,39,y,Eve
BMAA_5_3-9_Fountain.avi,S01,5,0,0,0,0,100,60.775545,0,3-9A,39,y,Fountain
BMAA_5_3-18E_Gabby_2.avi,S01,5,6.086956522,2,1.979490009,1.8450075,93.91304348,56.93166,3.690015,3-18E,318,y,Gabby
BMAA_5_3-9_Hamlet.avi,S01,5,0,0,0,0,100,60.563264,0,3-9A,39,y,Hamlet
BMAA_5_3-9_Jerry.avi,S01,5,0.869565217,1,0.986779863,0.528729,99.13043478,60.275106,0.528729,3-9A,39,y,Jerry
BMAA_5_3-9_Krieger.avi,S01,5,0,0,0,0,100,60.972466,0,3-9A,39,y,Krieger
BMAA_5_3-9_LilWayne_2.avi,S01,5,6.340057637,2,1.970795083,1.930203,93.65994236,57.028725,3.860406,3-9A,39,y,LilWayne
BMAA_5_3-18E_Heath.avi,S01,5,0,0,0,0,100,60.809154,0,3-18E,318,y,Heath
BMAA_5_3-18E_Idiot.avi,S01,5,0,0,0,0,100,60.62133,0,3-18E,318,y,Idiot
BMAA_5_3-18E_Juan.avi,S01,5,2.31884058,1,0.985812191,1.411328,97.68115942,59.452192,1.411328,3-18E,318,y,Juan
BMAA_5_3-18E_Kelley.avi,S01,5,8.139534884,5,4.957017372,0.9852136,91.86046512,55.594196,4.926068,3-18E,318,y,Kelley
BMAA_5_3-18E_Lauren.avi,S01,5,4.637681159,4,3.962475358,0.70224,95.36231884,57.75924,2.80896,3-18E,318,y,Lauren
BMAA_5_3-7G_1.avi,S01,5,4.069767442,2,1.982671714,1.231601,95.93023256,58.06119,2.463202,3-7G,37,n,43
BMAA_5_3-7G_1.avi,S02,5,2.906976744,4,3.965343427,0.4398575,97.09302326,58.764962,1.75943,3-7G,37,n,44
BMAA_5_3-7G_1.avi,S03,5,4.941860465,2,1.982671714,1.4955155,95.05813953,57.533361,2.991031,3-7G,37,n,45
BMAA_5_3-7G_1.avi,S04,5,6.976744186,5,4.956679284,0.8445264,93.02325581,56.30176,4.222632,3-7G,37,n,46
BMAA_5_3-7G_2.avi,S01,5,4.347826087,2,1.979782951,1.3176675,95.65217391,57.97737,2.635335,3-7G,37,n,47
BMAA_5_3-7G_2.avi,S02,5,9.855072464,4,3.959565903,1.4933565,90.14492754,54.639279,5.973426,3-7G,37,n,48
BMAA_5_3-7G_2.avi,S03,5,0,0,0,0,100,60.612705,0,3-7G,37,n,49
BMAA_5_3-18G_Gumby_2.avi,S01,5,6.12244898,2,1.981671684,1.8537225,93.87755102,56.84749,3.707445,3-18G,318,y,Gumby
BMAA_5_3-18G_Harriet_1.avi,S01,5,2.608695652,1,0.990833306,1.579698,97.39130435,58.975392,1.579698,3-18G,318,y,Harriet
BMAA_5_3-18G_IceCube_2.avi,S01,5,4.069767442,1,0.990142798,2.46617,95.93023256,58.13115,2.46617,3-18G,318,y,IceCube
BMAA_5_3-18G_Junction_1.avi,S01,5,2.898550725,2,1.979782951,0.878445,97.10144928,58.855815,1.75689,3-18G,318,y,Junction
BMAA_5_3-18G_KaLyn_1.avi,S01,5,3.779069767,2,1.980600415,1.1448255,96.22093023,58.298037,2.289651,3-18G,318,y,KaLyn
BMAA_5_3-18G_Manta.avi,S01,5,2.325581395,2,1.979117148,0.705036,97.6744186,59.223024,1.410072,3-18G,318,y,Manta
BMAA_5_3-18G_Newberry.avi,S01,5,1.457725948,2,1.981144261,0.44148,98.54227405,59.688096,0.88296,3-18G,318,y,Newberry
BMAA_5_3-18G_Ollie2.avi,S01,5,1.162790698,1,0.989474367,0.705096,98.8372093,59.93316,0.705096,3-18G,318,y,Ollie2
BMAA_5_3-18G_Pinkie.avi,S01,5,2.601156069,3,2.963875105,0.526572,97.39884393,59.151588,1.579716,3-18G,318,y,Pinkie
BMAA_5_3-18G_Quan2.avi,S01,5,3.179190751,2,1.975714127,0.965481,96.82080925,58.80657,1.930962,3-18G,318,y,Quan2
BMAA_5_3-18G_Rally_1.avi,S01,5,3.179190751,2,1.975714127,0.965481,96.82080925,58.80657,1.930962,3-18G,318,y,Rally
Bmaa_5_3-9B.avi,S01,5,8.163265306,3,2.972406506,1.647809333,91.83673469,55.613565,4.943428,3-9B,39,n,50
Bmaa_5_3-9B.avi,S02,5,3.790087464,2,1.981604338,1.1475815,96.20991254,58.26183,2.295163,3-9B,39,n,51
Bmaa_5_3-9B.avi,S03,5,3.790087464,2,1.981604338,1.1475815,96.20991254,58.26183,2.295163,3-9B,39,n,52
Bmaa_5_3-9B.avi,S04,5,4.956268222,2,1.981604338,1.5006835,95.04373178,57.555626,3.001367,3-9B,39,n,53
Bmaa_5_3-9B.avi,S05,5,34.98542274,1,0.990802169,21.18612,65.01457726,39.370873,21.18612,3-9B,39,n,54
Bmaa_5_3-9B.avi,S06,5,3.498542274,2,1.981604338,1.059306,96.50145773,58.438381,2.118612,3-9B,39,n,55
Bmaa_5_3-9B.avi,S07,5,4.373177843,2,1.981604338,1.3241325,95.62682216,57.908728,2.648265,3-9B,39,n,56
Bmaa_5_3-9B.avi,S08,5,13.9941691,3,2.972406506,2.824816,86.0058309,52.082545,8.474448,3-9B,39,n,57
Bmaa_5_3-9B.avi,S09,5,96.20991254,2,1.981604338,29.130915,3.790087464,2.295163,58.26183,3-9B,39,n,58
Bmaa_5_3-9B.avi,S10,5,5.83090379,2,1.981604338,1.76551,94.16909621,57.025973,3.53102,3-9B,39,n,59
BMAA_5_3-9B_Lift.avi,S01,5,0,0,0,0,100,60.746182,0,3-9B,39,y,Lift
BMAA_5_3-9B_Jolly.avi,S01,5,0,0,0,0,100,60.56889,0,3-9B,39,y,Jolly
BMAA_5_3-9B_Itchy.avi,S01,5,1.166180758,1,0.990903195,0.706132,98.83381924,59.844687,0.706132,3-9B,39,y,Itchy
BMAA_5_3-9B_Hummus.avi,S01,5,1.453488372,2,1.979375436,0.44059,98.54651163,59.744004,0.88118,3-9B,39,y,Hummus
BMAA_5_3-9B_Gavin.avi,S01,5,2.623906706,1,0.993035149,1.585386,97.37609329,58.835436,1.585386,3-9B,39,y,Gavin
BMAA_5_3-9B_Rachel.avi,S01,5,0.874635569,1,0.991228864,0.529425,99.12536443,60.0015,0.529425,3-9B,39,y,Rachel
BMAA_5_3-9B_Quack.avi,S01,5,0,0,0,0,100,60.557505,0,3-9B,39,y,Quack
BMAA_5_3-9B_Powell.avi,S01,5,0,0,0,0,100,60.891075,0,3-9B,39,y,Powell
BMAA_5_3-9B_Owsome.avi,S01,5,0,0,0,0,100,60.89181,0,3-9B,39,y,Owsome
BMAA_5_3-9B_Nikki.avi,S01,5,1.156069364,1,0.984805178,0.704344,98.84393064,60.221412,0.704344,3-9B,39,y,Nikki
BMAA_5_3-9B_Mom.avi,S01,5,0,0,0,0,100,60.661951,0,3-9B,39,y,Mom
BMAA_25_18F_1.avi,S01,25,9.037900875,1,0.98738507,5.492022,90.96209913,55.274544,5.492022,3-18F,318,n,60
BMAA_25_18F_1.avi,S02,25,2.040816327,1,0.98738507,1.240134,97.95918367,59.526432,1.240134,3-18F,318,n,61
BMAA_25_18F_1.avi,S03,25,10.20408163,4,3.949540278,1.5501675,89.79591837,54.565896,6.20067,3-18F,318,n,62
BMAA_25_18F_1.avi,S04,25,0,0,0,0,100,60.766566,0,3-18F,318,n,63
BMAA_25_18F_1.avi,S05,25,9.329446064,3,2.962155209,1.889728,90.67055394,55.097382,5.669184,3-18F,318,n,64
BMAA_25_18F_2.avi,S01,25,2.906976744,5,4.941652916,0.352956,97.09302326,58.943652,1.76478,3-18F,318,n,65
BMAA_25_18F_2.avi,S02,25,4.941860465,6,5.929983499,0.500021,95.05813953,57.708306,3.000126,3-18F,318,n,66
BMAA_25_18F_2.avi,S03,25,4.360465116,6,5.929983499,0.441195,95.63953488,58.061262,2.64717,3-18F,318,n,67
BMAA_25_18F_2.avi,S04,25,5.523255814,5,4.941652916,0.6706164,94.47674419,57.35535,3.353082,3-18F,318,n,68
BMAA_25_18F_2.avi,S05,25,4.360465116,5,4.941652916,0.529434,95.63953488,58.061262,2.64717,3-18F,318,n,69
BMAA_25_3-7B_James.avi,S01,25,0,0,0,0,100,60.726904,0,3-7B,37,y,James
BMAA_25_3-13c_1.avi,S01,25,0,0,0,0,100,60.617361,0,3-13C,313,n,70
BMAA_25_3-13c_1.avi,S02,25,0,0,0,0,100,60.617361,0,3-13C,313,n,71
BMAA_25_3-13c_1.avi,S03,25,6.997084548,1,0.989815442,4.241448,93.00291545,56.375913,4.241448,3-13C,313,n,72
BMAA_25_3-13c_1.avi,S04,25,4.081632653,3,2.969446327,0.824726,95.91836735,58.143183,2.474178,3-13C,313,n,73
BMAA_25_3-13c_Marvolo.avi,S01,25,1.724137931,2,1.976497078,0.523392,98.27586207,59.666688,1.046784,3-13C,313,y,Marvolo
BMAA_25_3-13c_Percy.avi,S01,25,7.492795389,3,2.967812001,1.514812,92.50720461,56.106306,4.544436,3-13C,313,y,Percy
BMAA_25_3-14C_1.avi,S01,25,0.864553314,1,0.985245942,0.5265,99.13544669,60.372,0.5265,3-14C,314,n,74
BMAA_25_3-14C_1.avi,S02,25,2.88184438,2,1.970491884,0.8775,97.11815562,59.1435,1.755,3-14C,314,n,75
BMAA_25_3-14C_1.avi,S03,25,0,0,0,0,100,60.8985,0,3-14C,314,n,76
BMAA_25_3-7F_Gillett.avi,S01,25,4.637681159,3,2.956230058,0.941269333,95.36231884,58.064552,2.823808,3-7F,37,y,Gillett
BMAA_25_3-7F_1.avi,S01,25,2.61627907,2,1.987031046,0.7900065,97.38372093,58.811595,1.580013,3-7F,37,n,77
BMAA_25_3-7F_1.avi,S02,25,3.197674419,3,2.980546569,0.643709,96.80232558,58.460481,1.931127,3-7F,37,n,78
BMAA_25_3-7F_1.avi,S03,25,4.360465116,2,1.987031046,1.3166775,95.63953488,57.758253,2.633355,3-7F,37,n,79
BMAA_25_3-7F_1.avi,S04,25,2.61627907,3,2.980546569,0.526671,97.38372093,58.811595,1.580013,3-7F,37,n,80
BMAA_25_3-7F_1.avi,S05,25,8.720930233,3,2.980546569,1.75557,91.27906977,55.124898,5.26671,3-7F,37,n,81
BMAA_25_3-7F_HatTrick.avi,S01,25,0,0,0,0,100,60.589746,0,3-7F,37,y,HatTrick
BMAA_25_3-7F_ILoveLucy.avi,S01,25,0.579710145,1,0.986432849,0.35261,99.42028986,60.472615,0.35261,3-7F,37,y,ILoveLucy
BMAA_25_3-7F_Jr_2.avi,S01,25,7.225433526,4,3.951608341,1.0970875,92.77456647,56.346414,4.38835,3-7F,37,y,Jr
BMAA_25_3-7F_Kamall.avi,S01,25,4.057971014,2,1.979828027,1.229795,95.94202899,58.151735,2.45959,3-7F,37,y,Kamall
BMAA_25_18F_1.avi,S01,25,0,0,0,0,100,60.766566,0,3-18F,318,n,82
BMAA_25_18F_1.avi,S02,25,9.037900875,1,0.98738507,5.492022,90.96209913,55.274544,5.492022,3-18F,318,n,83
BMAA_25_18F_1.avi,S03,25,9.329446064,3,2.962155209,1.889728,90.67055394,55.097382,5.669184,3-18F,318,n,84
BMAA_25_18F_1.avi,S04,25,38.19241983,28,27.64678195,0.828865071,61.80758017,37.558344,23.208222,3-18F,318,n,85
BMAA_25_18F_1.avi,S05,25,6.997084548,3,2.962155209,1.417296,93.00291545,56.514678,4.251888,3-18F,318,n,86
BMAA_25_18F_2.avi,S01,25,2.325581395,4,3.953322333,0.352956,97.6744186,59.296608,1.411824,3-18F,318,n,87
BMAA_25_18F_2.avi,S02,25,4.651162791,5,4.941652916,0.5647296,95.34883721,57.884784,2.823648,3-18F,318,n,88
BMAA_25_18F_2.avi,S03,25,4.360465116,5,4.941652916,0.529434,95.63953488,58.061262,2.64717,3-18F,318,n,89
BMAA_25_18F_2.avi,S04,25,4.360465116,6,5.929983499,0.441195,95.63953488,58.061262,2.64717,3-18F,318,n,90
BMAA_25_18F_2.avi,S05,25,5.523255814,5,4.941652916,0.6706164,94.47674419,57.35535,3.353082,3-18F,318,n,91
BMAA_25_3-18F_Citrus.avi,S01,25,2.906976744,1,0.992825578,1.75679,97.09302326,58.676786,1.75679,3-18F,318,y,Citrus
BMAA_25_3-18F_Esmeralda.avi,S01,25,1.457725948,1,0.995476455,0.87861,98.54227405,59.394036,0.87861,3-18F,318,y,Esmeralda
BMAA_25_3-18F_Marlin_2.avi,S01,25,10.72463768,6,5.943645327,1.082632333,89.27536232,54.073096,6.495794,3-18F,318,y,Marlin
BMAA_25_3-18F_Nemo.avi,S01,25,0,0,0,0,100,60.407445,0,3-18F,318,y,Nemo
BMAA_25_3-18F_Octopus.avi,S01,25,0,0,0,0,100,60.609016,0,3-18F,318,y,Octopus
BMAA_25_3-18F_Pecan_2.avi,S01,25,6.666666667,2,1.974646526,2.025679,93.33333333,56.719012,4.051358,3-18F,318,y,Pecan
BMAA_25_3-18F_Quishy.avi,S01,25,4.956268222,2,1.977773159,1.5035905,95.04373178,57.667118,3.007181,3-18F,318,y,Quishy
BMAA_25_3-18F_Ringo.avi,S01,25,2.028985507,1,0.987278424,1.233078,97.97101449,59.540052,1.233078,3-18F,318,y,Ringo
BMAA_25_3-18F_Tobin.avi,S01,25,3.812316716,1,0.996726236,2.294903,96.18768328,57.902168,2.294903,3-18F,318,y,Tobin
BMAA_25_3-18F_Ugly.avi,S01,25,0,0,0,0,100,60.76485,0,3-18F,318,y,Ugly
BMAA_25_3-18F_Van.avi,S01,25,5.49132948,3,2.960923021,1.112760333,94.50867052,57.453573,3.338281,3-18F,318,y,Van
BMAA_25_3-18F_Willy_2.avi,S01,25,17.68115942,2,1.975353026,5.3705315,82.31884058,50.007572,10.741063,3-18F,318,y,Willy
BMAA_25_3-18F_Xylophone.avi,S01,25,7.536231884,3,2.959382476,1.527933333,92.46376812,56.2397,4.5838,3-18F,318,y,Xylophone
BMAA_25_3-6E_Autum.avi,S01,25,4.970760234,2,1.992182874,1.4970795,95.02923977,57.241275,2.994159,3-6E,36,y,Autum
BMAA_25_3-6E_Bertha.avi,S01,25,2.915451895,2,1.970965316,0.88752,97.0845481,59.108832,1.77504,3-6E,36,y,Bertha
BMAA_25_3-6E_Caeden2.avi,S01,25,17.00879765,4,4.010349442,2.5447355,82.99120235,49.666217,10.178942,3-6E,36,y,Caeden
BMAA_25_3-6E_Deb.avi,S01,25,0,0,0,0,100,60.590088,0,3-6E,36,y,Deb
BMAA_25_3-6E_Elmer.avi,S01,25,1.457725948,1,0.991049158,0.882535,98.54227405,59.659366,0.882535,3-6E,36,y,Elmer
BMAA_25_3-6E_Fudd.avi,S01,25,2.31884058,1,0.989750637,1.405712,97.68115942,59.215618,1.405712,3-6E,36,y,Fudd
BMAA_25_3-6E_Gilly.avi,S01,25,0.583090379,1,0.995618102,0.351394,99.41690962,59.912677,0.351394,3-6E,36,y,Gilly
BMAA_25_3-6E_Hamlet.avi,S01,25,6.104651163,8,7.921322259,0.462396375,93.89534884,56.896773,3.699171,3-6E,36,y,HamletAnother
BMAA_25_3-6E_Isocline.avi,S01,25,0,0,0,0,100,60.538185,0,3-6E,36,y,Isocline
BMAA_25_3-6E_Jackson.avi,S01,25,6.140350877,10,9.903727842,0.3720024,93.85964912,56.863224,3.720024,3-6E,36,y,Jackson
BMAA_25_3-6E_Kimberley.avi,S01,25,1.749271137,1,0.992302839,1.057704,98.25072886,59.407708,1.057704,3-6E,36,y,Kimberley
BMAA_25_3-6E_Hopper.avi,S01,25,2.034883721,3,2.968557827,0.411287333,97.96511628,59.401642,1.233862,3-6E,36,y,Hopper
BMAA_25_5-5B_Activity_1.avi,S01,25,0,0,0,0,100,60.734072,0,5-5B,55,y,Activity
BMAA_25_5-5B_Boldness.avi,S01,25,0,0,0,0,100,60.544645,0,5-5B,55,y,Boldness
BMAA_25_5-5B_Caffeine.avi,S01,25,0,0,0,0,100,60.55854,0,5-5B,55,y,Caffeine
BMAA_25_5-5B_Dapper_2.avi,S01,25,0,0,0,0,100,60.655456,0,5-5B,55,y,Dapper
BMAA_25_5-5B_Euchre.avi,S01,25,0,0,0,0,100,60.5784,0,5-5B,55,y,Euchre
BMAA_25_5-5B_Fatigability.avi,S01,25,0,0,0,0,100,60.44596,0,5-5B,55,y,Fatigability
BMAA_25_5-5B_Gina_2.avi,S01,25,0,0,0,0,100,60.618648,0,5-5B,55,y,Gina
BMAA_25_5-5B_Helicopter_2.avi,S01,25,0,0,0,0,100,60.783825,0,5-5B,55,y,Helicopter
BMAA_25_5-5B_IDunno_2.avi,S01,25,1.457725948,1,0.989591461,0.883835,98.54227405,59.747246,0.883835,5-5B,55,y,IDunno
BMAA_25_5-5B_Jiggle.avi,S01,25,4.624277457,2,1.97376894,1.40572,95.37572254,57.98595,2.81144,5-5B,55,y,Jiggle
BMAA_25_5-5B_Klepto.avi,S01,25,4.069767442,4,3.97551138,0.6142255,95.93023256,57.91269,2.456902,5-5B,55,y,Klepto
BMAA_25_5-5B_Lasagna.avi,S01,25,1.457725948,1,0.987719584,0.88551,98.54227405,59.860476,0.88551,5-5B,55,y,Lasagna
BMAA_25_5-5B_MantisShrimp.avi,S01,25,0.869565217,1,0.987379318,0.528408,99.13043478,60.238512,0.528408,5-5B,55,y,MantisShrimp
BMAA_25_5-5B_NoWayJose.avi,S01,25,0.581395349,1,0.990002297,0.35236,99.41860465,60.25356,0.35236,5-5B,55,y,NoWayJose
BMAA_25_5-5B_Oops.avi,S01,25,0,0,0,0,100,60.368472,0,5-5B,55,y,Oops
BMAA_25_5-5B_Prank.avi,S01,25,0,0,0,0,100,60.554592,0,5-5B,55,y,Prank
BMAA_25_5-5B_Quarrel.avi,S01,25,0,0,0,0,100,60.727696,0,5-5B,55,y,Quarrel
BMAA_25_5-5B_Ravioli.avi,S01,25,3.179190751,1,0.988065324,1.930555,96.82080925,58.794175,1.930555,5-5B,55,y,Ravioli
BMAA_25_5-1B_Alaska_2.avi,S01,25,0,0,0,0,100,60.592504,0,5-1B,51,y,Alaska
BMAA_25_5-1B_Baja.avi,S01,25,0,0,0,0,100,60.557505,0,5-1B,51,y,Baja
BMAA_25_5-1B_CostaRica2.avi,S01,25,8.115942029,8,7.895179647,0.616777,91.88405797,55.862374,4.934216,5-1B,51,y,CostaRica2
BMAA_25_5-1B_Dandelion_1.avi,S01,25,66.08695652,1,0.989902745,40.056636,33.91304348,20.555379,40.056636,5-1B,51,y,Dandelion
BMAA_25_5-1B_Encounter.avi,S01,25,0,0,0,0,100,60.235092,0,5-1B,51,y,Encounter
BMAA_25_5-1B_Fillup.avi,S01,25,3.206997085,3,2.97262539,0.647306,96.79300292,58.610616,1.941918,5-1B,51,y,Fillup
BMAA_25_5-1B_Gloria2.avi,S01,25,0.581395349,1,0.989289164,0.352614,99.41860465,60.296994,0.352614,5-1B,51,y,Gloria
BMAA_25_5-1B_Heli.avi,S01,25,0,0,0,0,100,60.269634,0,5-1B,51,y,Heli
BMAA_25_5-1B_Interest.avi,S01,25,0.579710145,1,0.990968806,0.350996,99.42028986,60.195814,0.350996,5-1B,51,y,Interest
BMAA_25_5-1B_Juniper.avi,S01,25,0,0,0,0,100,60.754155,0,5-1B,51,y,Juniper
BMAA_25_5-1B_KLM2.avi,S01,25,0,0,0,0,100,60.271274,0,5-1B,51,y,KLM2
BMAA_25_5-1B_Lex.avi,S01,25,1.445086705,1,0.986789,0.87866,98.55491329,59.924612,0.87866,5-1B,51,y,Lex
BMAA_25_5-1B_Moe.avi,S01,25,0,0,0,0,100,60.573375,0,5-1B,51,y,Moe
BMAA_25_5-1B_Neptune.avi,S01,25,0,0,0,0,100,60.59044,0,5-1B,51,y,Neptune
BMAA_25_5-1B_Outcast2.avi,S01,25,0,0,0,0,100,60.75174,0,5-1B,51,y,Outcast2
BMAA_25_5-1B_Phantom.avi,S01,25,0,0,0,0,100,60.724384,0,5-1B,51,y,Phantom
BMAA_25_5-1B_Quazi.avi,S01,25,0,0,0,0,100,60.914115,0,5-1B,51,y,Quazi
BMAA_25_5-1B_Riley.avi,S01,25,6.395348837,4,3.974016818,0.9655745,93.60465116,56.529998,3.862298,5-1B,51,y,Riley
BMAA_25_3-7f_2.avi,S01,25,29.36046512,8,7.90149574,2.229486625,70.63953488,42.912099,17.835893,3-7F,37,n,92
BMAA_25_3-7f_2.avi,S02,25,18.31395349,5,4.938434837,2.2250718,81.68604651,49.622633,11.125359,3-7F,37,n,93
BMAA_25_3-7f_2.avi,S03,25,1.162790698,2,1.975373935,0.353186,98.8372093,60.04162,0.706372,3-7F,37,n,94
BMAA_25_3-7f_2.avi,S04,25,1.162790698,2,1.975373935,0.353186,98.8372093,60.04162,0.706372,3-7F,37,n,95
BMAA_25_3-7f_2.avi,S05,25,5.523255814,6,5.926121805,0.559211167,94.47674419,57.392725,3.355267,3-7F,37,n,96
BMAA_125_6D_1.avi,S01,125,0.573065903,1,0.978412359,0.351426,99.4269341,60.972411,0.351426,3-6D,36,n,97
BMAA_125_6D_1.avi,S02,125,0,0,0,0,100,61.323837,0,3-6D,36,n,98
BMAA_125_6D_1.avi,S03,125,0.573065903,1,0.978412359,0.351426,99.4269341,60.972411,0.351426,3-6D,36,n,99
BMAA_125_6D_1.avi,S04,125,0.859598854,1,0.978412359,0.527139,99.14040115,60.796698,0.527139,3-6D,36,n,100
BMAA_125_6D_1.avi,S05,125,0,0,0,0,100,61.323837,0,3-6D,36,n,101
BMAA_125 3-7C_2_CON.mp4,S01,125,0,0,0,0,100,60.727212,0,3-7C,37,n,102
BMAA_125 3-7C_2_CON.mp4,S02,125,0,0,0,0,100,60.727212,0,3-7C,37,n,103
BMAA_125 3-7C_2_CON.mp4,S03,125,0,0,0,0,100,60.727212,0,3-7C,37,n,104
BMAA_125 3-7C_2_CON.mp4,S04,125,0,0,0,0,100,60.727212,0,3-7C,37,n,105
BMAA_125_3-1B_1.avi,S01,125,11.88405797,9,8.907603654,0.800488556,88.11594203,53.417968,7.204397,3-1B,31,n,106
BMAA_125_3-1B_1.avi,S02,125,14.49275362,7,6.928136175,1.255121429,85.50724638,51.836515,8.78585,3-1B,31,n,107
BMAA_125_3-1B_1.avi,S03,125,11.30434783,6,5.938402436,1.1421605,88.69565217,53.769402,6.852963,3-1B,31,n,108
BMAA_125_3-1B_1.avi,S04,125,7.826086957,5,4.948668697,0.9488718,92.17391304,55.878006,4.744359,3-1B,31,n,109
BMAA_125_3-1B_1.avi,S05,125,10.72463768,6,5.938402436,1.083588167,89.27536232,54.120836,6.501529,3-1B,31,n,110
BMAA_125_3-1B_1.avi,S01,125,14.20289855,9,8.907603654,0.956681444,85.79710145,52.012232,8.610133,3-1B,31,n,111
BMAA_125_3-1B_1.avi,S02,125,10.72463768,6,5.938402436,1.083588167,89.27536232,54.120836,6.501529,3-1B,31,n,112
BMAA_125_3-1B_1.avi,S03,125,7.826086957,5,4.948668697,0.9488718,92.17391304,55.878006,4.744359,3-1B,31,n,113
BMAA_125_3-1B_1.avi,S04,125,14.7826087,7,6.928136175,1.280223857,85.2173913,51.660798,8.961567,3-1B,31,n,114
BMAA_125_3-1B_1.avi,S05,125,11.01449275,8,7.917869915,0.83465575,88.98550725,53.945119,6.677246,3-1B,31,n,115
BMAA_125_3-16C_1.avi,S01,125,19.18604651,14,13.86680106,0.830157429,80.81395349,48.954132,11.622204,3-16C,316,n,116
BMAA_125_3-16C_1.avi,S02,125,7.848837209,5,4.952428948,0.9509076,92.15116279,55.821798,4.754538,3-16C,316,n,117
BMAA_125_3-16C_1.avi,S03,125,0,0,0,0,100,60.576336,0,3-16C,316,n,118
BMAA_125_3-16C_1.avi,S04,125,0.872093023,1,0.99048579,0.528282,99.12790698,60.048054,0.528282,3-16C,316,n,119
BMAA_125_3-16C_1.avi,S05,125,2.034883721,1,0.99048579,1.232658,97.96511628,59.343678,1.232658,3-16C,316,n,120
BMAA_125_3-4D_1.avi,S01,125,5.202312139,3,2.963199824,1.053384,94.79768786,57.584992,3.160152,3-4D,34,n,121
BMAA_125_3-4D_1.avi,S02,125,0.578034682,1,0.987733275,0.351128,99.42196532,60.394016,0.351128,3-4D,34,n,122
BMAA_125_3-4D_1.avi,S03,125,0,0,0,0,100,60.745144,0,3-4D,34,n,123
BMAA_125_3-4D_1.avi,S04,125,0,0,0,0,100,60.745144,0,3-4D,34,n,124
BMAA_125_3-4D_1.avi,S05,125,2.89017341,3,2.963199824,0.585213333,97.10982659,58.989504,1.75564,3-4D,34,n,125
BMAA_125_6-11_A_2.avi,S01,125,0.869565217,1,0.988518604,0.527799,99.13043478,60.169086,0.527799,6-11A,611,n,126
BMAA_125_6-11_A_2.avi,S02,125,0.579710145,1,0.988518604,0.351866,99.42028986,60.345019,0.351866,6-11A,611,n,127
BMAA_125_6-11_A_2.avi,S03,125,0,0,0,0,100,60.696885,0,6-11A,611,n,128
BMAA_125_6-11_A_2.avi,S04,125,7.826086957,2,1.977037207,2.3750955,92.17391304,55.946694,4.750191,6-11A,611,n,129
BMAA_125_6-11_A_2.avi,S05,125,0,0,0,0,100,60.696885,0,6-11A,611,n,130
BMAA_125_6-11_A_2.avi,S06,125,1.449275362,1,0.988518604,0.879665,98.55072464,59.81722,0.879665,6-11A,611,n,131
BMAA_125_6-11_B_2.avi,S01,125,0,0,0,0,100,60.54336,0,6-11A,611,n,132
BMAA_125_6-11_B_2.avi,S02,125,0,0,0,0,100,60.54336,0,6-11A,611,n,133
BMAA_125_6-11_B_2.avi,S03,125,0,0,0,0,100,60.54336,0,6-11A,611,n,134
BMAA_125_6-11_B_2.avi,S04,125,0.579710145,1,0.991025275,0.350976,99.42028986,60.192384,0.350976,6-11A,611,n,135
BMAA_125_6-11_B_2.avi,S05,125,0.869565217,1,0.991025275,0.526464,99.13043478,60.016896,0.526464,6-11A,611,n,136
BMAA_625_3-6A_1.avi,S01,625,4.956268222,3,2.976959179,0.998925667,95.04373178,57.467606,2.996777,3-6A,36,n,137
BMAA_625_3-6A_1.avi,S02,625,0,0,0,0,100,60.464383,0,3-6A,36,n,138
BMAA_625_3-6B_1.avi,S01,625,11.88405797,3,2.961230095,2.40793,88.11594203,53.56176,7.22379,3-6B,36,n,139
BMAA_625_3-6B_1.avi,S02,625,4.057971014,3,2.961230095,0.82222,95.94202899,58.31889,2.46666,3-6B,36,n,140
BMAA_625_3-13D_2.avi,S01,625,15.60693642,6,5.901826074,1.586655,84.39306358,51.47814,9.51993,3-13D,313,n,141
BMAA_625_3-13D_2.avi,S02,625,6.358381503,4,3.934550716,0.9696225,93.6416185,57.11958,3.87849,3-13D,313,n,142
BMAA_625_3-13D_2.avi,S03,625,15.02890173,4,3.934550716,2.291835,84.97109827,51.83073,9.16734,3-13D,313,n,143
BMAA_625_3-13D_2.avi,S04,625,13.58381503,7,6.885463753,1.183695,86.41618497,52.712205,8.285865,3-13D,313,n,144
BMAA_625_3-13D_2.avi,S05,625,6.936416185,4,3.934550716,1.05777,93.06358382,56.76699,4.23108,3-13D,313,n,145
BMAA_625_3-13D_1.avi,S01,625,5.217391304,1,0.987306448,3.170682,94.7826087,57.600723,3.170682,3-13D,313,n,146
BMAA_625_3-13D_1.avi,S02,625,3.47826087,2,1.974612896,1.056894,96.52173913,58.657617,2.113788,3-13D,313,n,147
BMAA_625_3-13D_1.avi,S03,625,1.449275362,1,0.987306448,0.880745,98.55072464,59.89066,0.880745,3-13D,313,n,148
BMAA_625_3-13D_1.avi,S04,625,0.579710145,1,0.987306448,0.352298,99.42028986,60.419107,0.352298,3-13D,313,n,149
BMAA_625_3-13D_1.avi,S05,625,0,0,0,0,100,60.771405,0,3-13D,313,n,150
BMAA_625_3-4c_1.avi,S01,625,0,0,0,0,100,60.71256,0,3-4C,34,n,151
BMAA_625_3-4c_1.avi,S02,625,9.593023256,3,2.964790152,1.94139,90.40697674,54.88839,5.82417,3-4C,34,n,152
BMAA_625_3-4c_1.avi,S03,625,0,0,0,0,100,60.71256,0,3-4C,34,n,153
BMAA_625_3-4c_1.avi,S04,625,2.034883721,1,0.988263384,1.23543,97.96511628,59.47713,1.23543,3-4C,34,n,154
BMAA_625_3-4c_1.avi,S05,625,0,0,0,0,100,60.71256,0,3-4C,34,n,155
BMAA_625_3-7D_1.avi,S01,625,0,0,0,0,100,60.908216,0,3-7D,37,n,156
BMAA_625_3-7D_1.avi,S02,625,0,0,0,0,100,60.908216,0,3-7D,37,n,157
BMAA_625_3-7D_1.avi,S03,625,0,0,0,0,100,60.908216,0,3-7D,37,n,158
BMAA_625_3-7D_1.avi,S04,625,0,0,0,0,100,60.908216,0,3-7D,37,n,159
BMAA_625_3-16C_1.avi,S01,625,4.069767442,3,2.96393367,0.823858,95.93023256,58.25853,2.471574,3-16C,316,n,160
BMAA_625_3-16C_1.avi,S02,625,10.46511628,5,4.939889449,1.2710952,89.53488372,54.374628,6.355476,3-16C,316,n,161
BMAA_625_3-16C_1.avi,S03,625,18.31395349,10,9.879778898,1.1122083,81.68604651,49.608021,11.122083,3-16C,316,n,162
BMAA_625_3-16C_1.avi,S04,625,17.15116279,8,7.903823119,1.301989875,82.84883721,50.314185,10.415919,3-16C,316,n,163
BMAA_625_3-16C_1.avi,S05,625,26.45348837,8,7.903823119,2.008153875,73.54651163,44.664873,16.065231,3-16C,316,n,164
BMAA_625_3-16C_2.avi,S01,625,1.162790698,2,1.976045325,0.353066,98.8372093,60.02122,0.706132,3-16C,316,n,165
BMAA_625_3-16C_2.avi,S02,625,4.069767442,3,2.964067987,0.823820667,95.93023256,58.25589,2.471462,3-16C,316,n,166
BMAA_625_3-16C_2.avi,S03,625,4.651162791,3,2.964067987,0.941509333,95.34883721,57.902824,2.824528,3-16C,316,n,167
BMAA_625_3-16C_2.avi,S04,625,3.779069767,2,1.976045325,1.1474645,96.22093023,58.432423,2.294929,3-16C,316,n,168
BMAA_625_3-16C_2.avi,S05,625,11.62790698,3,2.964067987,2.353773333,88.37209302,53.666032,7.06132,3-16C,316,n,169
BMAA_625_3-4E_1.avi,S01,625,1.46627566,1,0.995170322,0.884035,98.53372434,59.407152,0.884035,3-4E,34,n,170
BMAA_625_3-4E_1.avi,S02,625,0.879765396,1,0.995170322,0.530421,99.1202346,59.760766,0.530421,3-4E,34,n,171
BMAA_625_3-4E_1.avi,S03,625,3.519061584,1,0.995170322,2.121684,96.48093842,58.169503,2.121684,3-4E,34,n,172
BMAA_625_3-4E_1.avi,S04,625,0.293255132,1,0.995170322,0.176807,99.70674487,60.11438,0.176807,3-4E,34,n,173
BMAA_625_3-4E_1.avi,S05,625,0.586510264,1,0.995170322,0.353614,99.41348974,59.937573,0.353614,3-4E,34,n,174
BMAA_625_3-4E_1.avi,S06,625,0,0,0,0,100,60.291187,0,3-4E,34,n,175
BMAA_625_3-4E_1.avi,S07,625,1.759530792,1,0.995170322,1.060842,98.24046921,59.230345,1.060842,3-4E,34,n,176
BMAA_625_3-4E_1.avi,S08,625,9.384164223,9,8.956532901,0.628647111,90.61583578,54.633363,5.657824,3-4E,34,n,177
BMAA_625_3-4E_1.avi,S09,625,0.586510264,1,0.995170322,0.353614,99.41348974,59.937573,0.353614,3-4E,34,n,178
BMAA_625_3-4E_1.avi,S10,625,0.293255132,1,0.995170322,0.176807,99.70674487,60.11438,0.176807,3-4E,34,n,179
BMAA_625_3-16D_1.avi,S01,625,2.61627907,1,0.993238299,1.580454,97.38372093,58.82801,1.580454,3-16D,316,n,180
BMAA_625_3-16D_1.avi,S02,625,4.360465116,1,0.993238299,2.63409,95.63953488,57.774374,2.63409,3-16D,316,n,181
BMAA_0_3-16B_1_CON.mp4,S01,Control,4.105571848,2,1.986307522,1.240162,95.89442815,57.933282,2.480324,3-16B,316,n,182
BMAA_0_3-16B_1_CON.mp4,S02,Control,9.970674487,3,2.979461282,2.007881333,90.02932551,54.389962,6.023644,3-16B,316,n,183
BMAA_0_3-16B_1_CON.mp4,S03,Control,93.84164223,1,0.993153761,56.69312,6.158357771,3.720486,56.69312,3-16B,316,n,184
BMAA_0_3-16B_1_CON.mp4,S04,Control,5.278592375,2,1.986307522,1.594494,94.72140762,57.224618,3.188988,3-16B,316,n,185
BMAA_0_3-16B_1_CON.mp4,S05,Control,9.677419355,3,2.979461282,1.948826,90.32258065,54.567128,5.846478,3-16B,316,n,186
BMAA_0_3-16_1_real.avi,S01,Control,12.28070175,4,3.96099921,1.860243,87.71929825,53.1498,7.440972,3-16A,316,n,187
BMAA_0_3-16_1_real.avi,S02,Control,0,0,0,0,100,60.590772,0,3-16A,316,n,188
BMAA_0_3-16_1_real.avi,S03,Control,3.50877193,2,1.980499605,1.062996,96.49122807,58.46478,2.125992,3-16A,316,n,189
BMAA_0_3-16_1_real.avi,S04,Control,3.50877193,1,0.990249802,2.125992,96.49122807,58.46478,2.125992,3-16A,316,n,190
BMAA_0_3-16B_Ariel_1_CON.mp4,S01,Control,11.81556196,8,7.927136405,0.8943125,88.18443804,53.397,7.1545,3-16B,316,y,Ariel
BMAA_0_3-16B_Bo_1_CON.m4v,S01,Control,5.341246291,2,1.981916924,1.616994,94.65875371,57.313454,3.233988,3-16B,316,y,Bo
BMAA_0_3-16B_Cate_1_CON.m4v,S01,Control,0,0,0,0,100,60.726,0,3-16B,316,y,Cate
BMAA_0_3-16B_Daryl_1_CON.m4v,S01,Control,3.468208092,2,1.987511801,1.047,96.53179191,58.283,2.094,3-16B,316,y,Daryl
BMAA_0_3-16B_Ellen_1_CON.m4v,S01,Control,0,0,0,0,100,60.14155,0,3-16B,316,y,Ellen
BMAA_0_3-16B_Fidge_2_CON.m4v,S01,Control,0,0,0,0,100,60.5515,0,3-16B,316,y,Fidge
BMAA_0_3-16_Becky_1_CON.m4v,S01,Control,0,0,0,0,100,60.534,0,3-16A,316,y,Becky
BMAA_0_3-16_Carli_1_CON.m4v,S01,Control,0,0,0,0,100,60.413606,0,3-16A,316,y,Carli
BMAA_0_3-16_Dahlkemper_1_CON.m4v,S01,Control,0,0,0,0,100,60.534,0,3-16A,316,y,Dahlkemper
BMAA_0_3-16_Emily_1_CON.m4v,S01,Control,0,0,0,0,100,60.711,0,3-16A,316,y,Emily
BMAA_0_3-16_Franch_1_CON.m4v,S01,Control,0,0,0,0,100,60.352223,0,3-16A,316,y,Franch
BMAA_0_3-16_Amy_2_CON.mp4,S01,Control,2.631578947,1,0.991178511,1.593,97.36842105,58.941,1.593,3-16A,316,y,Amy
BMAA_0_3-2_A_1_CON.mp4,S01,Control,13.54466859,3,2.972676152,2.733833333,86.45533141,52.35,8.2015,3-2A,32,n,191
BMAA_0_3-2_A_1_CON.mp4,S02,Control,4.322766571,3,2.972676152,0.8725,95.67723343,57.934,2.6175,3-2A,32,n,192
BMAA_0_3-2_A_1_CON.mp4,S03,Control,3.746397695,3,2.972676152,0.756166667,96.25360231,58.283,2.2685,3-2A,32,n,193
BMAA_0_3-2_A_1_CON.mp4,S04,Control,8.645533141,3,2.972676152,1.745,91.35446686,55.3165,5.235,3-2A,32,n,194
BMAA_0_3-2_A_1_CON.mp4,S05,Control,16.42651297,7,6.936244354,1.420928571,83.57348703,50.605,9.9465,3-2A,32,n,195
BMAA_0_3-2_Alex_1_CON.mp4,S01,Control,27.66570605,1,0.990892051,16.752,72.33429395,43.7995,16.752,3-2A,32,y,Alex
BMAA_0_3-2_Bailey_1_CON.mp4,S01,Control,0,0,0,0,100,60.5515,0,3-2A,32,y,Bailey
BMAA_0_3-2_Charlie_1_CON.mp4,S01,Control,0,0,0,0,100,60.5515,0,3-2A,32,y,Charlie
BMAA_0_3-2_DIrty Dan_2_CON.mp4,S01,Control,7.507507508,2,1.976385845,2.2791625,92.49249249,56.158564,4.558325,3-2A,32,y,DIrty
BMAA_0_3-2_Elizabeth_1_CON.mp4,S01,Control,18.36734694,4,3.953155112,2.78775,81.63265306,49.56,11.151,3-2A,32,y,Elizabeth
BMAA_0_3-2_Fish_2_CON.mp4,S01,Control,56.01173021,2,1.986307522,16.919353,43.98826979,26.5749,33.838706,3-2A,32,y,Fish
BMAA_0_3-18_1_CON.mp4,S01,Control,6.140350877,1,0.991178511,3.717,93.85964912,56.817,3.717,3-18A,318,n,196
BMAA_0_3-18_1_CON.mp4,S02,Control,10.23391813,5,4.955892556,1.239,89.76608187,54.339,6.195,3-18A,318,n,197
BMAA_0_3-18_1_CON.mp4,S03,Control,2.923976608,1,0.991178511,1.77,97.07602339,58.764,1.77,3-18A,318,n,198
BMAA_0_3-18_1_CON.mp4,S04,Control,1.169590643,2,1.982357022,0.354,98.83040936,59.826,0.708,3-18A,318,n,199
BMAA_0_3-18_1_CON.mp4,S05,Control,30.40935673,6,5.947071067,3.068,69.59064327,42.126,18.408,3-18A,318,n,200
BMAA_0_3-18_Ally_1_CON.m4v,S01,Control,1.46627566,1,0.993153761,0.88583,98.53372434,59.527776,0.88583,3-18A,318,y,Ally
BMAA_0_3-18_Bob_1_CON.m4v,S01,Control,13.25648415,5,4.954460253,1.6054,86.74351585,52.5245,8.027,3-18A,318,y,Bob
BMAA_0_3-18_Duce_1_CON.m4v,S01,Control,0,0,0,0,100,60.547442,0,3-18A,318,y,Duce
BMAA_0_3-18_ET_1_CON.m4v,S01,Control,0,0,0,0,100,60.534,0,3-18A,318,y,ET
BMAA_0_3-18_Christy_2_CON.mp4,S01,Control,30.11695906,1,0.991178511,18.231,69.88304094,42.303,18.231,3-18A,318,y,Christy
BMAA_0_3-18_Freddy_2_CON.mp4,S01,Control,2.686567164,2,1.993749264,0.808497,97.31343284,58.571116,1.616994,3-18A,318,y,Freddy
BMAA_0_3-14_Billy_1_CON.m4v,S01,Control,0,0,0,0,100,60.357,0,3-14A,314,y,Billy
BMAA_0_3-14_Cara_1_CON.m4v,S01,Control,7.894736842,1,0.991178511,4.779,92.10526316,55.755,4.779,3-14A,314,y,Cara
BMAA_0_3-14_Demi_1_CON.m4v,S01,Control,0.862068966,1,0.98804466,0.5235,99.13793103,60.2025,0.5235,3-14A,314,y,Demi
BMAA_0_3-14_1.avi,S01,Control,0,0,0,0,100,60.547442,0,3-14A,314,n,201
BMAA_0_3-14_1.avi,S02,Control,78.93175074,14,13.87341847,3.413654,21.06824926,12.756286,47.791156,3-14A,314,n,202
BMAA_0_3-14_1.avi,S03,Control,0,0,0,0,100,60.547442,0,3-14A,314,n,203
BMAA_0_3-14_1.avi,S04,Control,0,0,0,0,100,60.547442,0,3-14A,314,n,204
BMAA_0_3-14_1.avi,S05,Control,0,0,0,0,100,60.547442,0,3-14A,314,n,205
BMAA_0_3-14_Eric_3_CON.m4v,S01,Control,2.058823529,2,1.992149602,0.620081,97.94117647,58.996278,1.240162,3-14A,314,y,Eric
BMAA_0_3-14_Farmer_2_CON.m4v,S01,Control,0,0,0,0,100,60.493551,0,3-14A,314,y,Farmer
BMAA_0_3-3B_1.avi,S01,Control,12.75362319,4,3.958597034,1.933052,87.24637681,52.895332,7.732208,3-3B,33,n,206
BMAA_0_3-3B_1.avi,S02,Control,7.536231884,3,2.968947775,1.523010667,92.46376812,56.058508,4.569032,3-3B,33,n,207
BMAA_0_3-3B_1.avi,S03,Control,8.405797101,3,2.968947775,1.698742667,91.5942029,55.531312,5.096228,3-3B,33,n,208
BMAA_0_3-3B_1.avi,S04,Control,11.5942029,6,5.93789555,1.171546667,88.4057971,53.59826,7.02928,3-3B,33,n,209
BMAA_0_3-3B_Hi_2.avi,S01,Control,12.24489796,4,3.964713259,1.853082,87.75510204,53.121684,7.412328,3-3B,33,y,Hi
BMAA_0_3-3B_Igloo.avi,S01,Control,0,0,0,0,100,60.715388,0,3-3B,33,y,Igloo
BMAA_0_3-3B_Jess.avi,S01,Control,0,0,0,0,100,60.803618,0,3-3B,33,y,Jess
BMAA_0_3-3B_Kite.avi,S01,Control,3.498542274,2,1.982738608,1.0587,96.50145773,58.40495,2.1174,3-3B,33,y,Kite
BMAA_0_3-3B_Gunner.avi,S01,Control,17.34104046,7,6.916536084,1.504311429,82.65895954,50.193858,10.53018,3-3B,33,y,Gunner
BMAA_0_3-3B_Mandy.avi,S01,Control,6.376811594,4,3.959498292,0.966306,93.62318841,56.748516,3.865224,3-3B,33,y,Mandy
BMAA_0_3-3B_Nancy_2.avi,S01,Control,2.631578947,1,0.993761167,1.58886,97.36842105,58.78782,1.58886,3-3B,33,y,Nancy
BMAA_0_3-3B_Otis.avi,S01,Control,6.666666667,5,4.934571286,0.8106074,93.33333333,56.742518,4.053037,3-3B,33,y,Otis
BMAA_0_3-3B_Philip.avi,S01,Control,3.488372093,2,1.979465291,1.057368,96.51162791,58.507696,2.114736,3-3B,33,y,Philip
BMAA_0_3-3B_QTip_1.avi,S01,Control,0,0,0,0,100,0.705216,0,3-3B,33,y,QTip
BMAA_0_3-3B_Roy.avi,S01,Control,2.034883721,2,1.976325205,0.617778,97.96511628,59.483196,1.235556,3-3B,33,y,Roy
BMAA_0_3-18I_Bobby.avi,S01,Control,11.04651163,1,0.98839219,6.705746,88.95348837,53.998902,6.705746,3-18I,318,y,Bobby
BMAA_0_3-18I_Celeste.avi,S01,Control,3.409090909,2,1.942800835,1.052838,96.59090909,59.66082,2.105676,3-18I,318,y,Celeste
BMAA_0_3-18I_Dino_7DAYS.avi,S01,Control,3.216374269,1,0.993676738,1.942105,96.78362573,58.439705,1.942105,3-18I,318,y,Dino
BMAA_0_3-18I_Eppendorf_7DAYS_1.avi,S01,Control,4.985337243,3,2.990907243,1.000098667,95.01466276,57.182112,3.000296,3-18I,318,y,Eppendorf
BMAA_0_3-18I_Francine_7DAYS.avi,S01,Control,6.086956522,3,2.972296709,1.228738,93.91304348,56.873016,3.686214,3-18I,318,y,Francine
BMAA_0_3-18I_Grapevine_7DAYS.avi,S01,Control,10.23391813,3,2.99613349,2.049425,89.76608187,53.929155,6.148275,3-18I,318,y,Grapevine
BMAA_0_3-18I_Hillary_7DAYS.avi,S01,Control,3.488372093,2,1.985402526,1.054206,96.51162791,58.332732,2.108412,3-18I,318,y,Hillary
BMAA_0_3-18I_Indiga_7DAYS.avi,S01,Control,11.30434783,11,10.88645159,0.623032091,88.69565217,53.772462,6.853353,3-18I,318,y,Indiga
BMAA_0_3-18I_John_7DAYS.avi,S01,Control,1.739130435,1,0.990793792,1.053174,98.26086957,59.504331,1.053174,3-18I,318,y,John
BMAA_0_3-18I_Kelso_7DAYS.avi,S01,Control,8.454810496,6,5.978506472,0.848520667,91.5451895,55.124584,5.091124,3-18I,318,y,Kelso
BMAA_0_4-7A_NemoII_day5_1.avi,S01,Control,6.997084548,1,0.991139003,4.235784,93.00291545,56.300629,4.235784,4-7A,47,y,NemoII
BMAA_0_4-7A_Dory_day5.avi,S01,Control,0,0,0,0,100,60.627885,0,4-7A,47,y,Dory
BMAA_0_4-7B.avi,S01,Control,3.768115942,1,0.987581167,2.2893,96.23188406,58.4652,2.2893,4-7B,47,n,210
BMAA_0_4-7B.avi,S02,Control,0,0,0,0,100,60.7545,0,4-7B,47,n,211
BMAA_0_4-7B.avi,S03,Control,0,0,0,0,100,60.7545,0,4-7B,47,n,212
BMAA_0_4-7B.avi,S04,Control,1.449275362,1,0.987581167,0.8805,98.55072464,59.874,0.8805,4-7B,47,n,213
BMAA_0_4-7B_Dingo.avi,S01,Control,0,0,0,0,100,60.66956,0,4-7B,47,y,Dingo
BMAA_0_4-7B_Animal.avi,S01,Control,0,0,0,0,100,60.677729,0,4-7B,47,y,Animal
BMAA_0_4-7B_Flamingo_2.avi,S01,Control,0,0,0,0,100,60.741456,0,4-7B,47,y,Flamingo
BMAA_0_4-7B_Cat_2.avi,S01,Control,2.623906706,1,0.99123448,1.588266,97.37609329,58.942316,1.588266,4-7B,47,y,Cat
BMAA_0_4-7B_Bear_2.avi,S01,Control,0,0,0,0,100,60.99461,0,4-7B,47,y,Bear
BMAA_0_4-7B_Elephant_4.avi,S01,Control,0,0,0,0,100,60.739736,0,4-7B,47,y,Elephant
BMAA_0_4-7B_Giraffe_day6.avi,S01,Control,0,0,0,0,100,60.623055,0,4-7B,47,y,Giraffe
BMAA_0_4-7B_Hyena_day6.avi,S01,Control,5.23255814,2,1.980409263,1.585296,94.76744186,57.422944,3.170592,4-7B,47,y,Hyena
BMAA_0_4-7B_Iguana_day6.avi,S01,Control,0,0,0,0,100,60.688605,0,4-7B,47,y,Iguana
BMAA_0_4-7B_Jaguar_day6.avi,S01,Control,0,0,0,0,100,60.732342,0,4-7B,47,y,Jaguar
BMAA_0_4-7B_Komodo_day6.avi,S01,Control,4.651162791,1,0.990176525,2.818384,95.34883721,57.776872,2.818384,4-7B,47,y,Komodo
BMAA_0_5-1_Arlo_2.avi,S01,Control,0.872093023,1,0.990429545,0.528312,99.12790698,60.051464,0.528312,5-1A,51,y,Arlo
BMAA_0_5-1_Beth.avi,S01,Control,1.162790698,1,0.988268984,0.705956,98.8372093,60.00626,0.705956,5-1A,51,y,Beth
BMAA_0_5-1_Candy_2.avi,S01,Control,0,0,0,0,100,60.62312,0,5-1A,51,y,Candy
BMAA_0_5-1_Denny_2.avi,S01,Control,0,0,0,0,100,60.890519,0,5-1A,51,y,Denny
BMAA_0_5-1_EMC.avi,S01,Control,0,0,0,0,100,60.266815,0,5-1A,51,y,EMC
BMAA_0_5-1_Fellix.avi,S01,Control,0,0,0,0,100,60.629656,0,5-1A,51,y,Fellix
BMAA_0_5-3_Goober.avi,S01,Control,0,0,0,0,100,60.601448,0,5-3A,53,y,Goober
BMAA_0_5-3_Hickory.avi,S01,Control,2.898550725,2,1.98012107,0.878295,97.10144928,58.845765,1.75659,5-3A,53,y,Hickory
BMAA_0_5-3_Isomer.avi,S01,Control,0.586510264,1,0.99545183,0.353514,99.41348974,59.920623,0.353514,5-3A,53,y,Isomer
BMAA_0_5-3_Jumbo.avi,S01,Control,4.985337243,4,3.964358108,0.75452375,95.01466276,57.52134,3.018095,5-3A,53,y,Jumbo
BMAA_0_5-3_Kitty.avi,S01,Control,0,0,0,0,100,60.587688,0,5-3A,53,y,Kitty
BMAA_0_5-3_Lilac.avi,S01,Control,0.872093023,1,0.990463291,0.528294,99.12790698,60.049418,0.528294,5-3A,53,y,Lilac
BMAA_0_5-3_Monte.avi,S01,Control,0,0,0,0,100,60.360948,0,5-3A,53,y,Monte
BMAA_0_5-3_Nebo_2.avi,S01,Control,0,0,0,0,100,60.61788,0,5-3A,53,y,Nebo
BMAA_0_5-3_Oxy.avi,S01,Control,0,0,0,0,100,60.558708,0,5-3A,53,y,Oxy
BMAA_0_5-3_Pip.avi,S01,Control,3.498542274,5,4.98433167,0.4211448,96.50145773,58.082887,2.105724,5-3A,53,y,Pip
BMAA_0_5-3_Queer_2.avi,S01,Control,0.579710145,1,0.989750637,0.351428,99.42028986,60.269902,0.351428,5-3A,53,y,Queer
BMAA_0_5-3_Reality.avi,S01,Control,0.864553314,2,1.968013645,0.2635815,99.13544669,60.448024,0.527163,5-3A,53,y,Reality
BMAA_0_5-5_Stew.avi,S01,Control,1.169590643,1,0.995786132,0.704724,98.83040936,59.549178,0.704724,5-5A,55,y,Stew
BMAA_0_5-5_Triage.avi,S01,Control,1.739130435,1,0.989806968,1.054224,98.26086957,59.563656,1.054224,5-5A,55,y,Triage
BMAA_0_5-5_Urdu.avi,S01,Control,0,0,0,0,100,60.711528,0,5-5A,55,y,Urdu
BMAA_0_5-5_Vera.avi,S01,Control,1.453488372,1,0.98997982,0.88092,98.54651163,59.726376,0.88092,5-5A,55,y,Vera
BMAA_0_5-5_Wilbur.avi,S01,Control,3.768115942,2,1.98151985,1.1409775,96.23188406,58.27762,2.281955,5-5A,55,y,Wilbur
BMAA_0_5-5_XXYXX.avi,S01,Control,0.872093023,1,0.988212991,0.529497,99.12790698,60.186159,0.529497,5-5A,55,y,XXYXX
BMAA_0_5-5_Addy_2.avi,S01,Control,0,0,0,0,100,60.443896,0,5-5A,55,y,Addy
BMAA_0_5-5_Bro.avi,S01,Control,1.759530792,1,0.993080891,1.063074,98.24046921,59.354965,1.063074,5-5A,55,y,Bro
BMAA_0_5-5_Corn.avi,S01,Control,2.332361516,2,1.980830186,0.70648,97.66763848,59.1677,1.41296,5-5A,55,y,Corn
BMAA_0_5-5_Dear.avi,S01,Control,0.579710145,1,0.990545491,0.351146,99.42028986,60.221539,0.351146,5-5A,55,y,Dear
BMAA_0_5-5_Eggplant_2.avi,S01,Control,0,0,0,0,100,60.037758,0,5-5A,55,y,Eggplant
BMAA_0_5-5_Fella.avi,S01,Control,2.915451895,2,1.981716584,0.882705,97.0845481,58.788153,1.76541,5-5A,55,y,Fella
BMAA_0_5-3B_Yes.avi,S01,Control,6.432748538,5,4.958609987,0.7783732,93.56725146,56.60896,3.891866,5-3B,53,y,Yes
BMAA_0_5-3B_Yellow_3.avi,S01,Control,0,0,0,0,100,60.760714,0,5-3B,53,y,Yellow
BMAA_0_5-3B_Sausage.avi,S01,Control,4.651162791,2,1.979128376,1.410064,95.34883721,57.812624,2.820128,5-3B,53,y,Sausage
BMAA_0_5-3B_Taquito.avi,S01,Control,10.49562682,4,3.98582991,1.579941,89.50437318,53.893543,6.319764,5-3B,53,y,Taquito
BMAA_0_5-3B_Urchin_3.avi,S01,Control,10.26392962,5,4.965936983,1.24012,89.73607038,54.21096,6.2006,5-3B,53,y,Urchin
BMAA_0_5-3B_Vanilla.avi,S01,Control,0,0,0,0,100,60.561645,0,5-3B,53,y,Vanilla
BMAA_0_5-3B_Water.avi,S01,Control,6.051873199,4,3.940265315,0.921543,93.9481268,57.223432,3.686172,5-3B,53,y,Water
BMAA_0_5-3B_Xiphias_2.avi,S01,Control,2.31884058,2,1.969703983,0.706352,97.68115942,59.510156,1.412704,5-3B,53,y,Xiphias
BMAA_0_5-3B_Maybe_2.avi,S01,Control,9.855072464,5,4.954081854,1.19357,90.14492754,54.588275,5.96785,5-3B,53,y,Maybe
BMAA_0_5-3B_Not.avi,S01,Control,0,0,0,0,100,60.374408,0,5-3B,53,y,Not
BMAA_0_5-3B_Ocean.avi,S01,Control,1.453488372,1,0.98993487,0.88096,98.54651163,59.729088,0.88096,5-3B,53,y,Ocean
BMAA_0_5-3B_Rave.avi,S01,Control,0,0,0,0,100,60.617535,0,5-3B,53,y,Rave
BMAA_0_5-3B_Quahog.avi,S01,Control,1.749271137,1,0.995516112,1.05429,98.25072886,59.215955,1.05429,5-3B,53,y,Quahog
BMAA_0_5-3B_Pelican.avi,S01,Control,0,0,0,0,100,60.718752,0,5-3B,53,y,Pelican
BMAA_0_5-3B_Gibby.avi,S01,Control,0,0,0,0,100,60.587863,0,5-3B,53,y,Gibby
BMAA_0_5-3B_Horton.avi,S01,Control,0,0,0,0,100,60.724256,0,5-3B,53,y,Horton
BMAA_0_5-3B_Insomnia_1.avi,S01,Control,2.61627907,3,2.969973175,0.528546,97.38372093,59.02097,1.585638,5-3B,53,y,Insomnia
BMAA_0_5-3B_Jif.avi,S01,Control,1.461988304,2,1.980801478,0.4428475,98.5380117,59.695843,0.885695,5-3B,53,y,Jif
BMAA_0_5-3B_Kalamazoo_1.avi,S01,Control,3.790087464,3,2.986021537,0.761566,96.20991254,57.99618,2.284698,5-3B,53,y,Kalamazoo
BMAA_0_5-3B_Lake_1.avi,S01,Control,13.00578035,8,7.893683139,0.98857125,86.99421965,52.899546,7.90857,5-3B,53,y,Lake
BMAA_0_5-3B_Africa.avi,S01,Control,0,0,0,0,100,60.571056,0,5-3B,53,y,Africa
BMAA_0_5-3B_Brazil.avi,S01,Control,0,0,0,0,100,60.783135,0,5-3B,53,y,Brazil
BMAA_0_5-3B_Canada.avi,S01,Control,1.453488372,1,0.990182146,0.88074,98.54651163,59.714172,0.88074,5-3B,53,y,Canada
BMAA_0_5-3B_Denmark_1.avi,S01,Control,0,0,0,0,100,60.240222,0,5-3B,53,y,Denmark
BMAA_0_5-3B_Ecuador.avi,S01,Control,3.779069767,3,2.964051197,0.764980667,96.22093023,58.432754,2.294942,5-3B,53,y,Ecuador
BMAA_0_5-3B_Fiji_2.avi,S01,Control,1.461988304,1,0.995396292,0.88125,98.5380117,59.39625,0.88125,5-3B,53,y,Fiji
